{
    "W1": {
        "shape": [
            16,
            5
        ],
        "values": [
            -0.2862433951316729,
            -0.8256128264713772,
            -1.8328176173271715,
            0.2656501564417958,
            0.28527908090646414,
            0.5520330456508489,
            -0.02585441287260725,
            -0.4668299464668095,
            0.02336944300892016,
            0.2999090064832633,
            0.8240638646463151,
            0.556408996541199,
            -0.5457430975870383,
            -0.3346541629765726,
            -1.0911471147169665,
            0.743432703747385,
            -0.07610478225779478,
            -0.5639583693061543,
            0.2200201538847014,
            -0.11214858223504759,
            0.06405197114135705,
            -0.4583303589034942,
            -0.06371832932866742,
            -0.2969536088534718,
            0.009262684165645099,
            0.322249339981359,
            -0.2725456748815759,
            -0.5681196827653144,
            -0.08699881064902078,
            0.12755495497750025,
            -0.17992696289498386,
            -0.6213724408744028,
            0.8892107935761226,
            0.7509954131524968,
            0.033798201441869354,
            1.7065439998624001,
            0.34926026973490215,
            -1.022485581582511,
            -1.0534418696963037,
            0.49649307751787564,
            -0.8365529463598255,
            -0.16270258141518895,
            -0.7097934406878089,
            0.2943693070322104,
            0.19615246654809254,
            0.36796961927734906,
            0.946931569058317,
            0.4121263859879626,
            -0.7880273441867315,
            -0.4859985714290093,
            -0.7052752244872236,
            0.20222148831131306,
            -0.8429059750198389,
            -0.22133365214096795,
            0.265597596669916,
            -1.1038639149542566,
            -0.20213729296671493,
            -0.6609043469553898,
            0.6341265282199589,
            0.7036791023525767,
            0.37722144406547375,
            -0.1843976875988352,
            0.4242695306530388,
            0.9362593018684768,
            -0.38637101959377845,
            1.202520530461817,
            -0.37922461129144647,
            0.14505692307025275,
            1.4169074214218629,
            -0.4101731760242133,
            0.14017288933640243,
            -0.4528353487367571,
            -0.4497210308667888,
            0.15192322001914998,
            -0.36190609575222177,
            -0.3438873579597258,
            0.07028770181478781,
            -0.19250383816985858,
            -0.24245319239413912,
            -0.4900845301198751
        ]
    },
    "b1": {
        "shape": [
            16,
            1
        ],
        "values": [
            0.0,
            0.0,
            0.0,
            0.0,
            0.0,
            0.0,
            -0.0005467510639835403,
            0.0,
            0.0,
            -0.0007607635961574752,
            0.0,
            0.0,
            0.0010947255032150705,
            0.0012228173274135103,
            0.0,
            0.0
        ]
    },
    "W2": {
        "shape": [
            8,
            16
        ],
        "values": [
            0.09179330560176131,
            0.38898727017382345,
            0.19131585389326858,
            0.4265467361728758,
            0.2514617284521053,
            -0.2980912039888164,
            0.24952771109960006,
            0.8429900767997689,
            -0.1369589416773272,
            -0.8012783176369901,
            -0.04760131461237178,
            -0.04874015033882152,
            0.5428753942891413,
            0.25264792935600017,
            0.14423287629854692,
            -0.39127796723768415,
            0.1305625635964301,
            0.7380623829979897,
            -0.2439484811703664,
            -0.07554027105545327,
            -0.2744282004749956,
            -0.1785309963377033,
            0.1178786448509418,
            -0.40023691835012154,
            -0.10993907026162186,
            0.1615669690873933,
            -0.3515107103978706,
            0.4874879076028776,
            -0.11706861505161302,
            0.6041979423268039,
            0.003078510665313244,
            0.16935239075947706,
            0.07962592215844175,
            -0.29346608406349195,
            -0.4617696340828259,
            -0.25990785279814593,
            -0.29328913051569744,
            -0.24942922150799213,
            0.08619401801530328,
            -0.377156007793818,
            -0.059083290531044476,
            0.19116109212347765,
            -0.48316862745521794,
            0.516918111551974,
            -0.31376443868464643,
            -0.26851767769097706,
            0.10157030438326282,
            0.22409598157888302,
            -0.22325485479077772,
            0.3543745644342173,
            0.1336296908556329,
            -0.23733714746874726,
            -0.5610507253406463,
            -0.19243249743498844,
            0.7032068607762401,
            -0.02940501615076118,
            -0.22322228737766758,
            0.5049854652984671,
            -0.3879855438257828,
            -0.3987453909573521,
            -0.2072302396020541,
            -0.5109198454848708,
            0.015773374787848616,
            -0.20262438259567586,
            0.14361792409186633,
            -0.6431592391580718,
            0.3404261243330827,
            -0.5540274895920737,
            0.17448905018141045,
            -0.13438581319152362,
            0.5363619764505432,
            -0.14182373796431716,
            -0.34469898885903016,
            -0.6105612419346773,
            0.46053827017455856,
            0.7636262177008805,
            0.134210986565349,
            -0.08624380537857117,
            0.243058416949177,
            0.5623220131351533,
            -0.33192813051133674,
            0.7535324341477678,
            -0.17165774491756292,
            -0.2732288425070124,
            0.15335769016573556,
            -0.4834918745414654,
            0.2851637798118847,
            0.18351387700451907,
            -0.05140962839460163,
            0.5536574767959895,
            0.0049744796638606405,
            -0.5187922423422058,
            -1.3346514525550879,
            -0.029906115609854338,
            -0.948946643176987,
            -0.5233235209287419,
            0.1921249388519815,
            -0.03871921705500451,
            -0.39682849987883373,
            -0.6664702183106911,
            -0.35092541788947407,
            0.02055784711443977,
            -0.4558495332366471,
            0.30214767706306467,
            0.30466117633485645,
            -0.8713560664770016,
            -0.00013490546644282512,
            0.3211196200203892,
            -0.09626365847134748,
            -0.8778634058631437,
            0.09221535518613613,
            -0.10964781886849366,
            -0.2898564531296454,
            0.16953147760358311,
            0.008588255098824887,
            -0.15836288215782737,
            -0.400542803047274,
            0.027225453665054005,
            0.025823523628696204,
            -0.14604191741540398,
            -0.38627006345813225,
            -0.08714713127968078,
            -0.5765859975940788,
            0.35033407799090144,
            -0.2106285834362017,
            -0.35676444888859266,
            0.17209938544747796,
            -0.020506703092833985
        ]
    },
    "b2": {
        "shape": [
            8,
            1
        ],
        "values": [
            -0.00017930942530796943,
            0.0017067642235408245,
            -0.0001370850229041056,
            -0.0005071947053880675,
            0.0003453370175504509,
            -0.0009738943179497866,
            0.0,
            0.0
        ]
    },
    "W3": {
        "shape": [
            2,
            8
        ],